0.jpg,110,36,422,419
1.jpg,293,98,451,404
2.jpg,230,5,419,220
3.jpg,290,101,488,458
4.jpg,0,0,306,415
5.jpg,257,136,344,259
6.jpg,43,119,354,441
7.jpg,153,186,386,476
8.jpg,49,238,223,400
9.jpg,151,120,353,342
10.jpg,106,72,502,460
11.jpg,194,367,368,509
12.jpg,238,204,316,336
13.jpg,0,0,351,464
14.jpg,96,123,358,470
15.jpg,19,140,316,439
16.jpg,271,208,410,378
17.jpg,104,98,377,474
18.jpg,103,8,439,313
19.jpg,227,256,444,491
20.jpg,177,78,348,384
21.jpg,111,51,400,436
22.jpg,61,69,286,502
23.jpg,190,56,495,496
24.jpg,128,6,339,366
25.jpg,119,82,414,295
26.jpg,263,139,386,284
27.jpg,312,98,511,482
28.jpg,179,33,273,135
29.jpg,158,209,284,346
30.jpg,146,38,511,511
31.jpg,252,89,383,321
32.jpg,199,100,416,347
33.jpg,0,0,444,511
34.jpg,279,194,432,338
35.jpg,0,164,255,486
36.jpg,0,0,511,502
37.jpg,21,123,315,439
38.jpg,104,83,394,270
39.jpg,225,310,320,430
40.jpg,317,247,444,400
41.jpg,50,17,508,469
42.jpg,132,0,502,380
43.jpg,187,241,481,501
44.jpg,202,224,321,369
45.jpg,227,195,390,314
46.jpg,323,114,409,213
47.jpg,79,203,347,478
48.jpg,249,42,409,288
49.jpg,250,194,373,338
50.jpg,223,216,373,377
51.jpg,384,127,507,374
52.jpg,226,101,388,297
53.jpg,189,74,500,466
54.jpg,177,60,477,434
55.jpg,336,94,452,400
56.jpg,96,87,342,369
57.jpg,56,266,230,502
58.jpg,220,130,407,394
59.jpg,309,164,447,355
60.jpg,156,188,324,436
61.jpg,172,231,373,427
62.jpg,239,151,434,432
63.jpg,169,112,343,351
64.jpg,142,159,316,397
65.jpg,235,98,501,403
66.jpg,138,218,299,346
67.jpg,159,195,383,497
68.jpg,312,307,443,502
69.jpg,283,185,414,348
70.jpg,208,120,397,352
71.jpg,263,278,363,401
72.jpg,294,34,456,326
73.jpg,258,129,449,333
74.jpg,20,57,394,492
75.jpg,247,18,429,281
76.jpg,166,17,415,298
77.jpg,0,0,263,507
78.jpg,231,0,478,325
79.jpg,60,138,349,478
80.jpg,97,61,263,224
81.jpg,329,138,511,402
82.jpg,256,271,439,425
83.jpg,120,46,337,327
84.jpg,0,157,284,438
85.jpg,255,209,373,353
86.jpg,289,72,433,345
87.jpg,194,0,495,501
88.jpg,205,186,419,493
89.jpg,247,124,342,277
90.jpg,144,295,313,449
91.jpg,204,201,426,502
92.jpg,409,192,510,372
93.jpg,191,171,304,307
94.jpg,390,148,454,260
95.jpg,278,272,390,392
96.jpg,160,119,376,458
97.jpg,0,0,336,511
98.jpg,169,27,416,258
99.jpg,0,0,349,511
100.jpg,0,0,441,501
101.jpg,264,210,380,338
102.jpg,0,0,436,511
103.jpg,283,38,502,379
104.jpg,0,0,448,511
105.jpg,285,188,463,462
106.jpg,203,185,363,356
107.jpg,196,28,487,413
108.jpg,209,87,360,302
109.jpg,124,138,192,300
110.jpg,282,58,450,268
111.jpg,101,246,309,441
112.jpg,0,0,443,511
113.jpg,52,152,335,511
114.jpg,48,40,390,404
115.jpg,148,0,482,452
116.jpg,179,76,439,409
117.jpg,121,13,445,387
118.jpg,186,0,419,250
119.jpg,24,68,336,434
120.jpg,279,27,504,437
121.jpg,97,91,241,364
122.jpg,132,104,344,343
123.jpg,0,0,500,511
124.jpg,170,0,511,445
125.jpg,0,0,511,364
126.jpg,225,64,471,346
127.jpg,212,112,351,376
128.jpg,234,60,423,256
129.jpg,0,0,511,511
130.jpg,235,243,414,481
131.jpg,322,254,454,425
132.jpg,237,186,498,503
133.jpg,0,0,351,511
134.jpg,265,68,507,442
135.jpg,171,101,490,495
136.jpg,269,126,414,316
137.jpg,155,57,199,134
138.jpg,188,7,506,373
139.jpg,276,126,414,324
140.jpg,289,63,471,353
141.jpg,281,338,449,511
142.jpg,335,160,480,364
143.jpg,0,0,400,511
144.jpg,186,277,321,439
145.jpg,170,104,361,278
146.jpg,148,129,502,495
147.jpg,105,219,449,485
148.jpg,153,188,307,289
149.jpg,108,75,319,279
150.jpg,231,0,462,267
151.jpg,119,206,333,419
152.jpg,0,0,422,511
153.jpg,70,64,259,344
154.jpg,75,331,301,511
155.jpg,134,180,375,399
156.jpg,0,0,444,511
157.jpg,171,74,361,312
158.jpg,259,0,453,283
159.jpg,83,109,410,495
160.jpg,187,85,319,230
161.jpg,199,106,308,238
162.jpg,326,129,457,334
163.jpg,236,168,381,364
164.jpg,256,218,451,510
165.jpg,177,52,315,248
166.jpg,0,0,466,267
167.jpg,144,165,327,446
168.jpg,273,5,476,218
169.jpg,227,178,440,484
170.jpg,281,185,404,391
171.jpg,208,148,401,454
172.jpg,389,74,507,312
173.jpg,92,149,368,431
174.jpg,0,0,331,511
175.jpg,19,7,507,472
176.jpg,255,113,408,345
177.jpg,141,283,304,496
178.jpg,231,14,492,356
179.jpg,282,15,494,363
180.jpg,54,236,260,440
181.jpg,0,0,493,511
182.jpg,129,93,265,247
183.jpg,95,52,246,231
184.jpg,232,204,434,477
185.jpg,67,111,364,359
186.jpg,183,173,356,430
187.jpg,126,136,332,350
188.jpg,194,205,397,463
189.jpg,3,79,398,511
190.jpg,125,202,401,504
191.jpg,105,31,387,356
192.jpg,148,159,397,397
193.jpg,16,35,428,444
194.jpg,284,223,385,394
195.jpg,84,97,375,326
196.jpg,113,100,367,369
197.jpg,0,0,511,511
198.jpg,173,0,412,339
199.jpg,124,76,316,272
200.jpg,115,151,343,388
201.jpg,0,0,383,511
202.jpg,162,185,504,509
203.jpg,68,61,300,403
204.jpg,216,156,421,462
205.jpg,0,0,511,511
206.jpg,81,0,459,448
207.jpg,259,295,332,414
208.jpg,167,84,406,418
209.jpg,134,0,509,317
210.jpg,123,38,435,388
211.jpg,211,77,327,217
212.jpg,0,0,511,411
213.jpg,160,48,506,461
214.jpg,112,95,497,510
215.jpg,0,0,407,511
216.jpg,272,177,452,383
217.jpg,59,15,489,511
218.jpg,223,0,511,317
219.jpg,0,0,511,511
220.jpg,89,161,285,357
221.jpg,276,71,499,459
222.jpg,53,16,350,315
223.jpg,262,143,510,440
224.jpg,314,209,436,382
225.jpg,286,245,459,451
226.jpg,223,317,368,488
227.jpg,0,5,500,377
228.jpg,124,227,309,474
229.jpg,0,0,511,511
230.jpg,156,21,467,381
231.jpg,323,133,432,261
232.jpg,13,41,379,468
233.jpg,305,0,499,416
234.jpg,114,16,339,323
235.jpg,213,186,322,323
236.jpg,326,109,463,332
237.jpg,0,0,506,307
238.jpg,6,201,379,511
239.jpg,0,0,431,511
240.jpg,99,0,489,504
241.jpg,0,0,511,511
242.jpg,0,210,198,359
243.jpg,252,324,370,445
244.jpg,141,97,487,427
245.jpg,136,0,456,503
246.jpg,0,0,497,511
247.jpg,63,37,244,226
248.jpg,99,49,381,331
249.jpg,0,0,499,511
250.jpg,122,15,446,494
251.jpg,143,128,316,360
252.jpg,173,29,366,225
253.jpg,0,0,297,511
254.jpg,0,0,446,511
255.jpg,210,129,348,333
256.jpg,0,0,455,331
257.jpg,316,162,439,332
258.jpg,216,201,358,415
259.jpg,245,105,461,394
260.jpg,68,17,400,424
261.jpg,237,151,461,440
262.jpg,0,0,241,381
263.jpg,191,103,459,384
264.jpg,0,0,426,511
265.jpg,214,42,412,305
266.jpg,215,97,411,326
267.jpg,289,232,399,369
268.jpg,15,14,406,381
269.jpg,145,102,268,221
270.jpg,0,0,487,511
271.jpg,28,83,254,441
272.jpg,173,180,260,292
273.jpg,158,73,408,337
274.jpg,0,0,384,511
275.jpg,62,0,403,355
276.jpg,0,0,346,511
277.jpg,0,0,511,511
278.jpg,235,286,401,430
279.jpg,156,366,324,468
280.jpg,59,261,328,475
281.jpg,241,181,392,313
282.jpg,0,0,511,511
283.jpg,240,214,451,428
284.jpg,0,49,412,475
285.jpg,198,175,395,389
286.jpg,239,49,420,281
287.jpg,0,0,439,511
288.jpg,222,160,387,380
289.jpg,295,223,461,437
290.jpg,80,169,327,511
291.jpg,132,158,391,455
292.jpg,100,0,461,495
293.jpg,27,79,417,460
294.jpg,302,79,409,369
295.jpg,258,0,419,259
296.jpg,111,0,483,428
297.jpg,50,167,239,387
298.jpg,91,186,503,511
299.jpg,0,0,459,511
300.jpg,211,275,380,497
301.jpg,186,56,425,338
302.jpg,276,153,420,349
303.jpg,288,140,454,445
304.jpg,20,70,362,369
305.jpg,47,0,426,511
306.jpg,0,0,459,511
307.jpg,121,109,338,400
308.jpg,0,0,511,511
309.jpg,125,199,256,412
310.jpg,171,145,389,359
311.jpg,269,289,344,374
312.jpg,179,53,280,177
313.jpg,137,226,274,338
314.jpg,0,0,511,511
315.jpg,0,0,511,414
316.jpg,262,122,435,311
317.jpg,0,0,330,511
318.jpg,0,0,361,501
319.jpg,95,0,322,346
320.jpg,192,269,346,458
321.jpg,214,0,410,234
322.jpg,0,0,511,486
323.jpg,0,0,511,511
324.jpg,0,0,414,511
325.jpg,71,66,483,295
326.jpg,0,0,511,511
327.jpg,180,162,297,332
328.jpg,322,203,490,484
329.jpg,155,51,314,249
330.jpg,87,25,448,455
331.jpg,165,36,477,479
332.jpg,59,40,511,466
333.jpg,0,0,511,511
334.jpg,0,0,312,511
335.jpg,285,181,510,428
336.jpg,239,290,326,376
337.jpg,238,84,492,434
338.jpg,295,157,458,259
339.jpg,149,89,346,327
340.jpg,167,125,371,431
341.jpg,234,99,321,288
342.jpg,277,77,468,401
343.jpg,201,52,495,411
344.jpg,244,182,374,386
345.jpg,170,0,511,372
346.jpg,257,81,345,209
347.jpg,286,147,459,353
348.jpg,108,138,416,479
349.jpg,0,0,492,282
350.jpg,0,0,511,511
351.jpg,282,69,506,401
352.jpg,186,224,280,361
353.jpg,333,232,460,368
354.jpg,125,0,384,378
355.jpg,95,50,432,451
356.jpg,165,254,300,416
357.jpg,182,184,316,363
358.jpg,250,241,344,365
359.jpg,145,292,273,416
360.jpg,0,0,449,511
361.jpg,153,125,369,340
362.jpg,206,130,408,393
363.jpg,322,173,422,289
364.jpg,108,122,482,395
365.jpg,113,68,351,365
366.jpg,0,68,301,501
367.jpg,291,11,400,87
368.jpg,0,0,511,441
369.jpg,155,238,279,400
370.jpg,196,61,362,232
371.jpg,150,133,389,407
372.jpg,90,7,502,478
373.jpg,0,0,404,511
374.jpg,209,145,382,350
375.jpg,79,308,236,504
376.jpg,223,193,500,508
377.jpg,150,20,489,413
378.jpg,161,125,364,431
379.jpg,308,111,466,367
380.jpg,288,201,511,502
381.jpg,175,56,471,469
382.jpg,134,67,347,458
383.jpg,109,208,271,440
384.jpg,325,279,446,424
385.jpg,264,0,380,112
386.jpg,196,81,487,498
387.jpg,313,147,440,284
388.jpg,245,201,365,363
389.jpg,205,107,444,439
390.jpg,309,262,454,458
391.jpg,0,0,466,511
392.jpg,132,95,432,368
393.jpg,40,239,148,397
394.jpg,53,7,307,380
395.jpg,192,295,293,389
396.jpg,150,232,301,384
397.jpg,234,54,511,501
398.jpg,144,8,282,145
399.jpg,0,0,504,511
400.jpg,94,117,399,407
401.jpg,73,119,357,511
402.jpg,148,253,386,466
403.jpg,230,23,368,160
404.jpg,135,105,432,445
405.jpg,255,68,421,247
406.jpg,293,206,342,257
407.jpg,34,17,356,505
408.jpg,97,27,409,444
409.jpg,221,191,379,431
410.jpg,160,103,506,450
411.jpg,255,153,429,348
412.jpg,166,66,368,248
413.jpg,297,81,505,345
414.jpg,324,257,432,376
415.jpg,0,0,368,511
416.jpg,0,0,511,299
417.jpg,85,7,506,493
418.jpg,153,178,415,456
419.jpg,314,130,474,317
420.jpg,91,0,511,338
421.jpg,141,62,511,501
422.jpg,39,51,313,398
423.jpg,202,0,385,332
424.jpg,291,234,504,497
425.jpg,347,46,462,170
426.jpg,268,188,355,257
427.jpg,100,0,468,494
428.jpg,185,138,382,399
429.jpg,274,0,501,252
430.jpg,40,38,447,509
431.jpg,96,0,333,266
432.jpg,166,175,376,438
433.jpg,116,60,267,189
434.jpg,299,225,408,353
435.jpg,229,88,403,344
436.jpg,237,85,356,237
437.jpg,130,37,296,233
438.jpg,40,187,254,468
439.jpg,0,0,363,219
440.jpg,78,182,345,455
441.jpg,248,196,500,501
442.jpg,266,101,484,407
443.jpg,0,0,401,511
444.jpg,288,11,442,267
445.jpg,136,86,302,239
446.jpg,0,0,370,511
447.jpg,45,106,379,508
448.jpg,0,0,511,511
449.jpg,53,242,314,503
450.jpg,0,0,511,501
451.jpg,235,228,429,510
452.jpg,0,7,484,488
453.jpg,267,118,492,393
454.jpg,250,333,368,497
455.jpg,306,234,507,490
456.jpg,116,124,297,359
457.jpg,249,0,450,477
458.jpg,13,68,378,435
459.jpg,220,170,358,311
460.jpg,187,262,311,449
461.jpg,261,218,418,414
462.jpg,244,21,467,360
463.jpg,25,177,319,511
464.jpg,149,132,497,430
465.jpg,179,334,326,462
466.jpg,169,70,405,334
467.jpg,296,74,441,465
468.jpg,191,316,322,469
469.jpg,104,0,511,455
470.jpg,208,121,389,335
471.jpg,281,347,455,511
472.jpg,202,0,511,438
473.jpg,290,154,377,315
474.jpg,69,182,219,380
475.jpg,201,333,237,495
476.jpg,156,147,293,354
477.jpg,266,249,390,402
478.jpg,334,252,464,474
479.jpg,300,4,443,235
480.jpg,150,82,333,364
481.jpg,0,0,509,511
482.jpg,276,83,428,263
483.jpg,169,301,257,445
484.jpg,239,327,312,429
485.jpg,213,65,475,420
486.jpg,72,179,368,501
487.jpg,336,236,466,440
488.jpg,136,178,271,322
489.jpg,212,88,445,336
490.jpg,209,42,507,452
491.jpg,218,212,454,476
492.jpg,136,274,444,502
493.jpg,0,0,511,511
494.jpg,357,283,430,359
495.jpg,275,63,449,363
496.jpg,0,0,349,511
497.jpg,256,3,503,408
498.jpg,0,0,511,376
499.jpg,156,347,330,510
500.jpg,218,186,327,305
501.jpg,227,291,432,478
502.jpg,0,0,488,511
503.jpg,250,110,499,371
504.jpg,0,0,511,414
505.jpg,164,94,316,401
506.jpg,213,97,431,480
507.jpg,191,230,406,434
508.jpg,118,109,422,416
509.jpg,167,124,315,269
510.jpg,15,182,254,405
511.jpg,299,7,510,323
512.jpg,118,81,270,337
513.jpg,149,206,331,410
514.jpg,192,243,407,481
515.jpg,179,98,273,302
516.jpg,202,201,337,371
517.jpg,0,0,509,511
518.jpg,237,89,505,318
519.jpg,153,163,398,469
520.jpg,37,112,198,323
521.jpg,0,0,511,421
522.jpg,299,185,425,347
523.jpg,187,212,405,467
524.jpg,250,250,351,369
525.jpg,212,35,340,443
526.jpg,32,32,261,330
527.jpg,273,109,476,416
528.jpg,200,202,403,511
529.jpg,0,12,492,458
530.jpg,249,134,330,228
531.jpg,126,108,387,424
532.jpg,271,141,372,260
533.jpg,237,104,402,368
534.jpg,0,0,409,511
535.jpg,121,150,332,465
536.jpg,149,257,469,509
537.jpg,0,0,507,511
538.jpg,0,0,459,511
539.jpg,143,232,334,369
540.jpg,37,172,409,462
541.jpg,184,123,366,293
542.jpg,170,202,502,500
543.jpg,220,156,360,339
544.jpg,192,314,362,493
545.jpg,40,150,164,299
546.jpg,163,258,353,489
547.jpg,0,0,401,511
548.jpg,213,80,417,327
549.jpg,209,138,362,334
550.jpg,130,145,493,503
551.jpg,194,190,442,475
552.jpg,40,147,335,362
553.jpg,182,209,434,511
554.jpg,0,0,511,511
555.jpg,157,228,412,466
556.jpg,0,0,322,511
557.jpg,170,209,307,366
558.jpg,261,323,405,439
559.jpg,0,0,386,511
560.jpg,0,0,511,511
561.jpg,93,60,496,426
562.jpg,14,112,333,502
563.jpg,221,152,411,356
564.jpg,0,0,500,511
565.jpg,69,17,336,324
566.jpg,76,322,289,509
567.jpg,197,234,316,366
568.jpg,108,188,319,462
569.jpg,206,253,381,466
570.jpg,121,177,302,315
571.jpg,136,261,287,440
572.jpg,40,230,162,435
573.jpg,196,111,355,359
574.jpg,57,114,231,301
575.jpg,254,259,450,490
576.jpg,0,0,502,511
577.jpg,117,61,283,403
578.jpg,240,178,457,501
579.jpg,156,179,474,509
580.jpg,292,159,486,440
581.jpg,18,0,478,511
582.jpg,305,133,384,245
583.jpg,108,229,355,442
584.jpg,165,179,331,324
585.jpg,152,95,500,511
586.jpg,65,7,467,429
587.jpg,213,135,452,366
588.jpg,237,196,505,470
589.jpg,141,146,446,443
590.jpg,140,0,459,399
591.jpg,214,287,346,399
592.jpg,72,103,219,259
593.jpg,0,0,511,511
594.jpg,242,193,408,364
595.jpg,0,0,495,511
596.jpg,16,124,402,500
597.jpg,187,139,454,462
598.jpg,291,111,346,180
599.jpg,185,395,301,509
600.jpg,35,189,367,378
601.jpg,0,0,504,511
602.jpg,104,141,264,415
603.jpg,265,172,374,300
604.jpg,290,198,376,418
605.jpg,71,122,410,480
606.jpg,172,203,292,323
607.jpg,1,39,386,369
608.jpg,291,381,392,500
609.jpg,0,0,511,511
610.jpg,83,50,342,272
611.jpg,202,109,498,489
612.jpg,161,47,452,502
613.jpg,133,194,280,350
614.jpg,0,0,497,511
615.jpg,0,0,511,509
616.jpg,185,161,400,350
617.jpg,33,55,315,354
618.jpg,199,209,304,324
619.jpg,162,7,351,177
620.jpg,177,92,280,255
621.jpg,201,193,325,338
622.jpg,220,81,437,492
623.jpg,0,60,247,414
624.jpg,249,195,439,476
625.jpg,253,55,470,361
626.jpg,187,91,481,449
627.jpg,83,41,264,323
628.jpg,209,81,444,320
629.jpg,59,25,356,298
630.jpg,181,255,263,418
631.jpg,0,46,363,216
632.jpg,117,131,313,363
633.jpg,0,0,500,511
634.jpg,167,29,464,390
635.jpg,1,22,293,510
636.jpg,58,127,308,374
637.jpg,29,91,438,511
638.jpg,0,0,501,414
639.jpg,87,161,495,510
640.jpg,184,163,346,317
641.jpg,124,28,254,151
642.jpg,118,113,451,465
643.jpg,327,90,501,296
644.jpg,223,118,459,400
645.jpg,8,0,403,511
646.jpg,118,131,271,293
647.jpg,238,216,413,387
648.jpg,252,257,332,376
649.jpg,0,0,345,511
650.jpg,94,217,476,498
651.jpg,244,115,397,449
652.jpg,150,27,324,250
653.jpg,161,135,379,371
654.jpg,207,95,511,510
655.jpg,98,194,357,484
656.jpg,108,0,465,276
657.jpg,186,136,503,501
658.jpg,307,0,458,149
659.jpg,147,34,372,469
660.jpg,65,39,407,362
661.jpg,282,314,456,510
662.jpg,121,150,356,406
663.jpg,0,0,496,511
664.jpg,265,195,426,476
665.jpg,259,116,492,439
666.jpg,203,95,393,366
667.jpg,245,27,447,415
668.jpg,13,0,298,399
669.jpg,65,33,384,359
670.jpg,0,0,511,511
671.jpg,0,0,383,511
672.jpg,193,299,418,503
673.jpg,357,75,511,288
674.jpg,307,45,504,472
675.jpg,85,36,368,419
676.jpg,194,89,324,311
677.jpg,154,186,267,339
678.jpg,0,0,336,447
679.jpg,82,206,285,410
680.jpg,235,103,413,359
681.jpg,74,71,499,377
682.jpg,42,179,212,342
683.jpg,41,35,432,445
684.jpg,133,76,366,271
685.jpg,27,0,433,496
686.jpg,248,90,360,296
687.jpg,183,7,328,234
688.jpg,199,89,478,320
689.jpg,258,225,367,345
690.jpg,191,128,296,277
691.jpg,185,246,334,408
692.jpg,298,28,407,232
693.jpg,333,68,492,417
694.jpg,267,223,383,385
695.jpg,283,342,414,470
696.jpg,31,0,350,219
697.jpg,29,0,273,366
698.jpg,140,96,342,294
699.jpg,212,246,445,441
700.jpg,79,9,332,283
701.jpg,0,0,511,486
702.jpg,108,75,319,279
703.jpg,121,172,332,445
704.jpg,128,25,470,468
705.jpg,268,135,442,357
706.jpg,0,0,511,511
707.jpg,153,155,255,291
708.jpg,157,221,332,444
709.jpg,163,68,361,255
710.jpg,224,312,340,414
711.jpg,57,0,506,453
712.jpg,376,70,463,223
713.jpg,0,0,372,511
714.jpg,159,184,354,381
715.jpg,33,89,301,491
716.jpg,16,168,240,444
717.jpg,19,0,493,460
718.jpg,297,215,413,385
719.jpg,263,106,401,293
720.jpg,332,327,390,429
721.jpg,158,111,350,302
722.jpg,4,58,184,397
723.jpg,145,125,430,453
724.jpg,185,4,486,427
725.jpg,0,0,441,511
726.jpg,111,9,272,307
727.jpg,0,0,446,511
728.jpg,131,181,384,444
729.jpg,0,0,511,503
730.jpg,146,168,369,400
731.jpg,232,113,341,326
732.jpg,0,0,459,511
733.jpg,253,94,464,392
734.jpg,0,0,511,389
735.jpg,0,0,490,494
736.jpg,190,52,335,225
737.jpg,198,95,359,310
738.jpg,293,103,465,285
739.jpg,175,106,413,380
740.jpg,229,16,506,484
741.jpg,315,310,462,455
742.jpg,234,136,416,374
743.jpg,0,0,511,414
744.jpg,95,155,466,478
745.jpg,144,115,287,295
746.jpg,135,92,385,434
747.jpg,195,250,491,501
748.jpg,181,359,347,500
749.jpg,189,173,464,478
750.jpg,225,224,334,361
751.jpg,86,238,216,400
752.jpg,184,107,345,371
753.jpg,235,187,341,307
754.jpg,195,265,376,406
755.jpg,53,39,154,320
756.jpg,120,15,409,502
757.jpg,55,127,396,499
758.jpg,126,20,396,403
759.jpg,285,180,463,427
760.jpg,354,74,448,231
761.jpg,96,15,429,445
762.jpg,0,0,396,511
763.jpg,0,0,406,126
764.jpg,118,120,378,418
765.jpg,0,0,400,511
766.jpg,75,178,287,494
767.jpg,211,136,311,268
768.jpg,167,61,497,507
769.jpg,150,323,316,485
770.jpg,168,115,331,311
771.jpg,0,0,448,511
772.jpg,223,129,368,342
773.jpg,0,0,511,284
774.jpg,251,309,365,509
775.jpg,214,17,343,144
776.jpg,92,146,216,326
777.jpg,78,136,395,511
778.jpg,0,0,281,164
779.jpg,0,0,511,511
780.jpg,265,183,438,397
781.jpg,130,145,336,510
782.jpg,184,71,382,493
783.jpg,135,171,445,461
784.jpg,71,36,215,201
785.jpg,153,136,407,374
786.jpg,30,152,252,348
787.jpg,0,7,507,502
788.jpg,16,0,493,372
789.jpg,218,208,449,405
790.jpg,59,7,342,331
791.jpg,141,0,358,154
792.jpg,6,147,399,318
793.jpg,0,0,370,164
794.jpg,194,209,405,511
795.jpg,6,58,509,413
796.jpg,160,204,399,467
797.jpg,58,18,501,451
798.jpg,323,159,435,363
799.jpg,0,0,365,511
800.jpg,68,222,300,401
801.jpg,103,56,355,394
802.jpg,190,115,488,456
803.jpg,174,248,385,401
804.jpg,204,19,368,241
805.jpg,28,11,352,427
806.jpg,276,122,421,317
807.jpg,131,257,269,385
808.jpg,60,15,469,356
809.jpg,35,181,260,444
810.jpg,145,8,368,313
811.jpg,0,0,434,511
812.jpg,183,234,412,481
813.jpg,191,74,322,303
814.jpg,71,36,506,421
815.jpg,0,0,365,348
816.jpg,247,73,429,320
817.jpg,164,149,322,243
818.jpg,243,149,506,422
819.jpg,306,112,509,350
820.jpg,206,222,353,409
821.jpg,198,118,314,238
822.jpg,0,0,511,446
823.jpg,201,230,374,420
824.jpg,0,0,511,435
825.jpg,295,93,422,246
826.jpg,55,15,429,440
827.jpg,0,0,511,511
828.jpg,159,72,408,353
829.jpg,0,0,511,511
830.jpg,163,118,300,315
831.jpg,152,236,390,475
832.jpg,8,14,429,511
833.jpg,259,157,325,336
834.jpg,90,101,502,509
835.jpg,7,0,417,511
836.jpg,143,132,454,491
837.jpg,180,172,419,479
838.jpg,150,197,341,461
839.jpg,103,196,292,449
840.jpg,208,36,380,226
841.jpg,382,34,511,291
842.jpg,164,354,348,484
843.jpg,13,47,308,485
844.jpg,14,37,417,508
845.jpg,6,79,294,511
846.jpg,252,103,485,367
847.jpg,238,143,389,381
848.jpg,189,125,333,307
849.jpg,60,115,407,378
850.jpg,173,287,260,440
851.jpg,51,114,286,481
852.jpg,209,98,410,302
853.jpg,100,165,314,379
854.jpg,0,0,353,511
855.jpg,173,229,401,442
856.jpg,293,170,449,341
857.jpg,20,7,288,348
858.jpg,120,169,367,509
859.jpg,27,7,335,325
860.jpg,0,0,511,408
861.jpg,62,6,286,380
862.jpg,0,0,503,511
863.jpg,183,67,342,287
864.jpg,122,151,311,391
865.jpg,91,178,234,368
866.jpg,85,191,361,396
867.jpg,163,209,489,511
868.jpg,193,167,387,380
869.jpg,0,0,510,511
870.jpg,107,120,498,511
871.jpg,96,129,366,495
872.jpg,247,36,445,250
873.jpg,0,0,489,382
874.jpg,170,28,468,412
875.jpg,208,148,315,276
876.jpg,0,0,511,511
877.jpg,302,232,410,372
878.jpg,332,235,398,329
879.jpg,195,194,317,348
880.jpg,76,100,256,347
881.jpg,311,41,456,314
882.jpg,93,95,299,368
883.jpg,96,97,292,320
884.jpg,294,226,483,507
885.jpg,0,0,476,511
886.jpg,262,219,503,499
887.jpg,268,175,457,387
888.jpg,28,78,483,491
889.jpg,139,190,423,404
890.jpg,242,173,447,419
891.jpg,61,62,329,385
892.jpg,209,192,375,389
893.jpg,252,104,442,342
894.jpg,288,268,454,472
895.jpg,254,89,435,318
896.jpg,195,22,447,354
897.jpg,302,246,398,442
898.jpg,192,203,441,502
899.jpg,0,0,511,446
900.jpg,43,72,337,356
901.jpg,231,155,347,292
902.jpg,54,0,345,421
903.jpg,172,101,435,426
904.jpg,71,175,294,439
905.jpg,90,31,393,329
906.jpg,141,146,369,465
907.jpg,180,187,391,477
908.jpg,167,125,377,432
909.jpg,222,15,434,365
910.jpg,249,184,402,373
911.jpg,119,146,330,336
912.jpg,276,271,414,415
913.jpg,184,64,359,166
914.jpg,230,56,507,494
915.jpg,193,157,395,472
916.jpg,149,77,445,333
917.jpg,148,7,490,372
918.jpg,92,160,230,374
919.jpg,128,45,446,386
920.jpg,87,59,162,317
921.jpg,13,14,464,499
922.jpg,105,101,280,360
923.jpg,192,88,335,174
924.jpg,144,27,326,356
925.jpg,140,74,315,316
926.jpg,161,141,474,462
927.jpg,234,50,447,340
928.jpg,26,88,195,315
929.jpg,143,11,488,497
930.jpg,190,187,253,281
931.jpg,172,186,272,375
932.jpg,218,112,407,449
933.jpg,133,156,315,446
934.jpg,9,0,372,348
935.jpg,59,115,363,505
936.jpg,137,7,464,511
937.jpg,0,0,511,349
938.jpg,230,136,412,375
939.jpg,179,262,280,433
940.jpg,115,67,319,511
941.jpg,352,255,494,408
942.jpg,148,87,490,510
943.jpg,253,368,311,427
944.jpg,0,0,323,511
945.jpg,221,61,503,502
946.jpg,137,66,288,231
947.jpg,111,84,256,246
948.jpg,179,234,381,508
949.jpg,270,7,506,267
950.jpg,0,72,193,328
951.jpg,357,140,451,268
952.jpg,291,220,504,484
953.jpg,109,0,298,170
954.jpg,1,62,381,484
955.jpg,0,0,491,382
956.jpg,137,181,274,312
957.jpg,271,18,509,282
958.jpg,280,123,469,294
959.jpg,0,0,490,511
960.jpg,345,240,442,376
961.jpg,44,138,367,505
962.jpg,66,49,161,150
963.jpg,249,191,380,371
964.jpg,191,160,423,408
965.jpg,222,212,480,460
966.jpg,25,7,458,376
967.jpg,0,0,511,429
968.jpg,0,154,380,488
969.jpg,201,7,374,274
970.jpg,0,0,454,511
971.jpg,171,165,287,259
972.jpg,7,33,511,511
973.jpg,306,188,371,273
974.jpg,0,0,317,455
975.jpg,0,0,511,511
976.jpg,263,246,401,426
977.jpg,193,252,419,474
978.jpg,183,159,488,511
979.jpg,0,165,249,420
980.jpg,114,107,355,303
981.jpg,276,95,500,301
982.jpg,375,304,449,423
983.jpg,168,310,371,472
984.jpg,242,48,416,322
985.jpg,277,197,407,296
986.jpg,200,259,380,465
987.jpg,0,0,323,358
988.jpg,196,127,318,300
989.jpg,72,165,411,439
990.jpg,254,128,393,366
991.jpg,293,207,510,385
992.jpg,154,15,459,372
993.jpg,187,193,322,347
994.jpg,78,41,500,468
995.jpg,0,0,446,180
996.jpg,227,179,386,344
997.jpg,0,0,432,283
998.jpg,191,263,307,425
